Part Number,Description,System
32Z4079,GASTRONORM 1/4 65mm PAN ,Accessory
32Z4080,"e2s S/BASKET  11""x11"" ",Accessory
32Z4081,"e2s PERFORATED BASKET 11""x11"" ",Accessory
32Z4088,e2s LINER ,Accessory
32Z4089,e2s S/BASKET  QTR SIZE ,Accessory
32Z4090,e2s S/BASKET  HALF SIZE ,Accessory
32Z4093,"e2s S/BASKET  11""x11"" GREEN ",Accessory
32Z4094,e2s S/BASKET  1/2 SIZE GREEN ,Accessory
32Z4095,e2s S/BASKET  1/4 SIZE GREEN ,Accessory
32Z4096,e2s LINER GREEN ,Accessory
32Z4100,"e2s SOLID BASKET 11""x11"" - RED ",Accessory
32Z4101,"e2s SOLID BASKET 11""x11"" - BLUE ",Accessory
DB0719,FLAT/GRIDDLE COOK PLATE ,Accessory
DB0739,FLAT/FLAT COOK PLATE ,Accessory
DB0819,SINGLE SIDED COOK PLATE - USA ONLY ,Accessory
PSB179,JET PLATE & WIRE RACK COMBINED ,Accessory
SR318,GUARDED PADDLE e2s ,Accessory
32Z4165,"SOLID BASE 11"" SQ ",base assembly
32Z4166,"MESH BASE 11"" SQ ",base assembly
32Z4175,"SOLID BASE 13.5"" SQ ",base assembly
32Z4176,"MESH BASE 13.5"" SQ ",base assembly
DR0356,STEAM PIPE DIFFUSER ,Casework
SY311,REAR CASEWORK ASSY ,casework
DR0200,LH CASEWORK ,casework
DR0201,RH CASEWORK ,casework
DY0105,X12 TOP CASEWORK ,casework
DR0200BLK,LH CASEWORK BLACK ,casework
DR0201BLK,RH CASEWORK BLACK ,casework
DY0105BLK,X12 TOP CASEWORK BLACK ,casework
PSB391,X12 GASKET KIT ,Cavity
PSY315,X12 STEAM PIPE ASSY ,Cavity
DB0391,AIR DIFFUSER ,Cavity
PDY0124,X12 CAVITY INSULATION KIT ,Cavity
PSB1207,PTFE SHELF x4 STUB KIT ,Cavity
30Z1619,RJ45 PANEL MOUNT ,Control
DR0243,THERMOCOUPLE K-700 ,Control
DR0021,HARMONISED SPEAKER ,Control
30Z1589,CAVITY OVERHEAT STAT ,Control
30Z1563,RELAY ,Control
30Z1624,RJ45 WATERPROOF CAP ,Control
30Z1427,MAGNETRON OVERHEAT STAT ,Control
30Z1626,AIR FILTER LONG M/SWITCH ,Control
P30Z5048,CONTROL IO ASSY ,Control
PSR2100,USB COVER ASSY ,Control
31Z0704,ADAPTOR USB LEAD ,Control
P30Z5049,MERRYCHEF CONTROLLER UI,Control
30Z1642,RJ45 CONNECTOR WITH LEAD ,Control
32Z7095,PERSONALITY MOD I/O SRB ,Control
SY324,X12 CONTROL PANEL ASSY ,Control
SY324BLK,CONTROL PANEL ASSY BLACK ,Control
P30Z5044,VFD SPEED CONTROLLER ,Convection
PDY0108,UPPER IMPINGER PLATE KIT ,Convection
PDR0142,HEATER ELEMENT 2200W KIT ,Convection
PSY223,MF CONVEC MOTOR KIT ,Convection
DY0068,X12 UPPER CATALYST ,Convection
DY0070,X12 LOWER CATALYST ,Convection
PSR298,COOLING FAN ASSY ,Cooling
DR0197,AIR FILTER ,Cooling
DY0081,AIR FILTER COVER ,cooling
DY0081BLK,AIR FILTER COVER BLACK ,Cooling
PDR0386,DOOR HINGE KIT  (PAIR) ,Door
PSR155,DOOR INTERLOCK ASSY KIT ,Door
PSB316,DOOR SEAL ASSEMBLY ,Door
DB0031,DOOR CHOKE PLATE ,Door
PSY210,X12 DOOR HANDLE ASSY ,Door
PSY321,X12 DOOR FRAME ASSY ,Door
PSY214,X12 DOOR INSULATION KIT ,Door
PDY0085,X12 DOOR SKIN EU STAIN ,door
PDY0085BLK,X12 DOOR SKIN EU BLACK ,door
PDY0125,X12 DOOR SKIN US STAIN ,door
PDY0125BLK,X12 DOOR SKIN US BLACK ,door
PSY160,X12 CONNEX FLIGHT KIT,kit
30Z1477,MICROSWITCH SHORT ARM ,Microwave
30Z1566,SHORT LEVER MICROSWITCH ,Microwave
31Z0680,INSULATOR PAD ,Microwave
SC344,PARTITION PLATE - SINGLE MAG ,Microwave
30Z1431,1.2uF 2500V CAPACITOR ,Microwave
P30Z1540,HT TRANSFORMER 200/230V 50Hz ,Microwave
PSR240,STIRRER MOTOR ASSY ,Microwave
PSR109,DIODE REPLACEMENT KIT ,Microwave
DB0365,LARGE RAD CAP CLIP ,Microwave
P30Z1415,LOW NOISE MAGNETRON ,Microwave
PSR141,x2 STIRR&P/PLATE KIT  DUAL MAG ,Microwave
PSR317,WAVEGUIDE & P/PLATE KIT ,Microwave
30Z1549,0.95uF HV CAPACITOR 2500V ,Microwave
P30Z1558,60Hz TRANS MULTI 208 240 ,Microwave
SB363,PARTITION PLATE - DUAL MAG ,Microwave
PSR156,x12 SP STIRR&P/PLATE KIT  SINGLE MAG ,Microwave
PSR157,X12 SP W/GUIDE&P/PLATE ,Microwave
PSR171,PARTITION PLATE - DUAL MAG,Microwave
PSR173,PARTITION PLATE - SINGLE MAG,Microwave
30Z1178,30A FUSE HOLDER ,Power Supply
30Z1593,MAINS FILTER ,Power Supply
30Z1207,FUSE 1in 3A HBC ,Power Supply
30Z0231,FUSEHOLDER 1in (13A) ,Power Supply
30Z0456,FUSE 1In 13A HRC ,Power Supply
31Z1308,CABLE GLAND PG16 ,Power Supply
31Z1309,GLAND NUT PG16 ,Power Supply
SR2121,X12 MAINS LEAD AA  13A ,Power Supply
SR2129,X12 MAINS LEAD AV  15A ,Power Supply
SR2122,X12 MAINS LEAD AB  16A SCHUKO PLUG ,Power Supply
31Z1255,CABLE GLAND BLACK PG21 ,Power Supply
31Z1256,NUT FOR CABLE GLAND PG21 ,Power Supply
SR2123,X12 MAINS LEAD BD  16A RA RED PLUG ,Power Supply
SR2119,X12 MAINS LEAD GC  32A RED PLUG ,Power Supply
SR2120,X12 MAINS LEAD HE  32A BLUE PLUG ,Power Supply
SR2126,X12 MAINS LEAD GK ,Power Supply
SR2130,X12 MAINS LEAD HM  32A ,Power Supply
30Z1443,FUSE 3A UL ,Power Supply
30Z0285,FUSEHOLDER 1 1/4in (13A) ,Power Supply
30Z1507,12A FUSE SLOW/B ,Power Supply
SR2125,X12 MAINS LEAD SX  15A ,Power Supply
SR2128,X12 MAINS LEAD SN  15A ,Power Supply
SR2131,X12 MAINS LEAD DH  30A US STRAIGHT PLUG ,Power Supply
SR2124,X12 MAINS LEAD DF  30A US NEMA ,Power Supply
30Z1659,25A LITTLEFUSE FLM25,Power Supply
31Z0186,SILASTIC BLACK  (DOOR SEAL) ,tool
30Z1609,12V DC SWITCH MODE POWER ,Power Supply
PDY0079,X12 GLASS OVERLAY ASSY ,Control
DR0207,LH AIR FILTER BRACKET ,Cooling
DR0205,RH AIR FILTER BRACKET ,Cooling
PDR0112,SCREW ON FOOT ,
